image_path,coordinate_path,simulated,source,num_spots
image/simfish_30.tif,csv/simfish_30.csv,True,simfish,1500
image/simfish_222.tif,csv/simfish_222.csv,True,simfish,300
image/simfish_179.tif,csv/simfish_179.csv,True,simfish,1000
image/simfish_328.tif,csv/simfish_328.csv,True,simfish,800
image/simfish_467.tif,csv/simfish_467.csv,True,simfish,2300
image/simfish_194.tif,csv/simfish_194.csv,True,simfish,1000
image/simfish_379.tif,csv/simfish_379.csv,True,simfish,600
image/simfish_426.tif,csv/simfish_426.csv,True,simfish,1800
image/simfish_319.tif,csv/simfish_319.csv,True,simfish,800
image/simfish_58.tif,csv/simfish_58.csv,True,simfish,500
image/simfish_300.tif,csv/simfish_300.csv,True,simfish,1300
image/simfish_428.tif,csv/simfish_428.csv,True,simfish,1800
image/simfish_273.tif,csv/simfish_273.csv,True,simfish,1300
image/simfish_244.tif,csv/simfish_244.csv,True,simfish,300
image/simfish_402.tif,csv/simfish_402.csv,True,simfish,1800
image/simfish_21.tif,csv/simfish_21.csv,True,simfish,1500
image/simfish_351.tif,csv/simfish_351.csv,True,simfish,600
image/simfish_69.tif,csv/simfish_69.csv,True,simfish,500
image/simfish_178.tif,csv/simfish_178.csv,True,simfish,1000
image/simfish_337.tif,csv/simfish_337.csv,True,simfish,800
image/simfish_159.tif,csv/simfish_159.csv,True,simfish,1000
image/simfish_134.tif,csv/simfish_134.csv,True,simfish,200
image/simfish_79.tif,csv/simfish_79.csv,True,simfish,500
image/simfish_49.tif,csv/simfish_49.csv,True,simfish,1500
image/simfish_195.tif,csv/simfish_195.csv,True,simfish,1000
image/simfish_363.tif,csv/simfish_363.csv,True,simfish,600
image/simfish_427.tif,csv/simfish_427.csv,True,simfish,1800
image/simfish_164.tif,csv/simfish_164.csv,True,simfish,1000
image/simfish_145.tif,csv/simfish_145.csv,True,simfish,200
image/simfish_287.tif,csv/simfish_287.csv,True,simfish,1300
image/simfish_423.tif,csv/simfish_423.csv,True,simfish,1800
image/simfish_389.tif,csv/simfish_389.csv,True,simfish,600
image/simfish_450.tif,csv/simfish_450.csv,True,simfish,1800
image/simfish_489.tif,csv/simfish_489.csv,True,simfish,2300
image/simfish_239.tif,csv/simfish_239.csv,True,simfish,300
image/simfish_231.tif,csv/simfish_231.csv,True,simfish,300
image/simfish_390.tif,csv/simfish_390.csv,True,simfish,600
image/simfish_434.tif,csv/simfish_434.csv,True,simfish,1800
image/simfish_324.tif,csv/simfish_324.csv,True,simfish,800
image/simfish_33.tif,csv/simfish_33.csv,True,simfish,1500
image/simfish_102.tif,csv/simfish_102.csv,True,simfish,200
image/simfish_120.tif,csv/simfish_120.csv,True,simfish,200
image/simfish_230.tif,csv/simfish_230.csv,True,simfish,300
image/simfish_453.tif,csv/simfish_453.csv,True,simfish,2300
image/simfish_26.tif,csv/simfish_26.csv,True,simfish,1500
image/simfish_382.tif,csv/simfish_382.csv,True,simfish,600
image/simfish_46.tif,csv/simfish_46.csv,True,simfish,1500
image/simfish_448.tif,csv/simfish_448.csv,True,simfish,1800
image/simfish_254.tif,csv/simfish_254.csv,True,simfish,1300
image/simfish_278.tif,csv/simfish_278.csv,True,simfish,1300
image/simfish_277.tif,csv/simfish_277.csv,True,simfish,1300
image/simfish_97.tif,csv/simfish_97.csv,True,simfish,500
image/simfish_2.tif,csv/simfish_2.csv,True,simfish,1500
image/simfish_470.tif,csv/simfish_470.csv,True,simfish,2300
image/simfish_228.tif,csv/simfish_228.csv,True,simfish,300
image/simfish_481.tif,csv/simfish_481.csv,True,simfish,2300
image/simfish_131.tif,csv/simfish_131.csv,True,simfish,200
image/simfish_404.tif,csv/simfish_404.csv,True,simfish,1800
image/simfish_318.tif,csv/simfish_318.csv,True,simfish,800
image/simfish_365.tif,csv/simfish_365.csv,True,simfish,600
image/simfish_437.tif,csv/simfish_437.csv,True,simfish,1800
image/simfish_191.tif,csv/simfish_191.csv,True,simfish,1000
image/simfish_482.tif,csv/simfish_482.csv,True,simfish,2300
image/simfish_305.tif,csv/simfish_305.csv,True,simfish,800
image/simfish_142.tif,csv/simfish_142.csv,True,simfish,200
image/simfish_493.tif,csv/simfish_493.csv,True,simfish,2300
image/simfish_122.tif,csv/simfish_122.csv,True,simfish,200
image/simfish_73.tif,csv/simfish_73.csv,True,simfish,500
image/simfish_339.tif,csv/simfish_339.csv,True,simfish,800
image/simfish_173.tif,csv/simfish_173.csv,True,simfish,1000
image/simfish_10.tif,csv/simfish_10.csv,True,simfish,1500
image/simfish_256.tif,csv/simfish_256.csv,True,simfish,1300
image/simfish_375.tif,csv/simfish_375.csv,True,simfish,600
image/simfish_483.tif,csv/simfish_483.csv,True,simfish,2300
image/simfish_23.tif,csv/simfish_23.csv,True,simfish,1500
image/simfish_464.tif,csv/simfish_464.csv,True,simfish,2300
image/simfish_356.tif,csv/simfish_356.csv,True,simfish,600
image/simfish_414.tif,csv/simfish_414.csv,True,simfish,1800
image/simfish_107.tif,csv/simfish_107.csv,True,simfish,200
image/simfish_78.tif,csv/simfish_78.csv,True,simfish,500
image/simfish_190.tif,csv/simfish_190.csv,True,simfish,1000
image/simfish_344.tif,csv/simfish_344.csv,True,simfish,800
image/simfish_460.tif,csv/simfish_460.csv,True,simfish,2300
image/simfish_268.tif,csv/simfish_268.csv,True,simfish,1300
image/simfish_103.tif,csv/simfish_103.csv,True,simfish,200
image/simfish_165.tif,csv/simfish_165.csv,True,simfish,1000
image/simfish_99.tif,csv/simfish_99.csv,True,simfish,500
image/simfish_274.tif,csv/simfish_274.csv,True,simfish,1300
image/simfish_405.tif,csv/simfish_405.csv,True,simfish,1800
image/simfish_360.tif,csv/simfish_360.csv,True,simfish,600
image/simfish_224.tif,csv/simfish_224.csv,True,simfish,300
image/simfish_232.tif,csv/simfish_232.csv,True,simfish,300
image/simfish_383.tif,csv/simfish_383.csv,True,simfish,600
image/simfish_3.tif,csv/simfish_3.csv,True,simfish,1500
image/simfish_93.tif,csv/simfish_93.csv,True,simfish,500
image/simfish_243.tif,csv/simfish_243.csv,True,simfish,300
image/simfish_45.tif,csv/simfish_45.csv,True,simfish,1500
image/simfish_348.tif,csv/simfish_348.csv,True,simfish,800
image/simfish_20.tif,csv/simfish_20.csv,True,simfish,1500
image/simfish_321.tif,csv/simfish_321.csv,True,simfish,800
image/simfish_436.tif,csv/simfish_436.csv,True,simfish,1800
image/simfish_461.tif,csv/simfish_461.csv,True,simfish,2300
image/simfish_188.tif,csv/simfish_188.csv,True,simfish,1000
image/simfish_242.tif,csv/simfish_242.csv,True,simfish,300
image/simfish_72.tif,csv/simfish_72.csv,True,simfish,500
image/simfish_299.tif,csv/simfish_299.csv,True,simfish,1300
image/simfish_94.tif,csv/simfish_94.csv,True,simfish,500
image/simfish_336.tif,csv/simfish_336.csv,True,simfish,800
image/simfish_376.tif,csv/simfish_376.csv,True,simfish,600
image/simfish_221.tif,csv/simfish_221.csv,True,simfish,300
image/simfish_208.tif,csv/simfish_208.csv,True,simfish,300
image/simfish_433.tif,csv/simfish_433.csv,True,simfish,1800
image/simfish_315.tif,csv/simfish_315.csv,True,simfish,800
image/simfish_308.tif,csv/simfish_308.csv,True,simfish,800
image/simfish_466.tif,csv/simfish_466.csv,True,simfish,2300
image/simfish_411.tif,csv/simfish_411.csv,True,simfish,1800
image/simfish_406.tif,csv/simfish_406.csv,True,simfish,1800
image/simfish_15.tif,csv/simfish_15.csv,True,simfish,1500
image/simfish_326.tif,csv/simfish_326.csv,True,simfish,800
image/simfish_4.tif,csv/simfish_4.csv,True,simfish,1500
image/simfish_312.tif,csv/simfish_312.csv,True,simfish,800
image/simfish_247.tif,csv/simfish_247.csv,True,simfish,300
image/simfish_313.tif,csv/simfish_313.csv,True,simfish,800
image/simfish_444.tif,csv/simfish_444.csv,True,simfish,1800
image/simfish_279.tif,csv/simfish_279.csv,True,simfish,1300
image/simfish_206.tif,csv/simfish_206.csv,True,simfish,300
image/simfish_113.tif,csv/simfish_113.csv,True,simfish,200
image/simfish_81.tif,csv/simfish_81.csv,True,simfish,500
image/simfish_186.tif,csv/simfish_186.csv,True,simfish,1000
image/simfish_133.tif,csv/simfish_133.csv,True,simfish,200
image/simfish_263.tif,csv/simfish_263.csv,True,simfish,1300
image/simfish_86.tif,csv/simfish_86.csv,True,simfish,500
image/simfish_25.tif,csv/simfish_25.csv,True,simfish,1500
image/simfish_420.tif,csv/simfish_420.csv,True,simfish,1800
image/simfish_255.tif,csv/simfish_255.csv,True,simfish,1300
image/simfish_357.tif,csv/simfish_357.csv,True,simfish,600
image/simfish_374.tif,csv/simfish_374.csv,True,simfish,600
image/simfish_276.tif,csv/simfish_276.csv,True,simfish,1300
image/simfish_24.tif,csv/simfish_24.csv,True,simfish,1500
image/simfish_462.tif,csv/simfish_462.csv,True,simfish,2300
image/simfish_105.tif,csv/simfish_105.csv,True,simfish,200
image/simfish_212.tif,csv/simfish_212.csv,True,simfish,300
image/simfish_286.tif,csv/simfish_286.csv,True,simfish,1300
image/simfish_302.tif,csv/simfish_302.csv,True,simfish,800
image/simfish_369.tif,csv/simfish_369.csv,True,simfish,600
image/simfish_181.tif,csv/simfish_181.csv,True,simfish,1000
image/simfish_396.tif,csv/simfish_396.csv,True,simfish,600
image/simfish_362.tif,csv/simfish_362.csv,True,simfish,600
image/simfish_397.tif,csv/simfish_397.csv,True,simfish,600
image/simfish_217.tif,csv/simfish_217.csv,True,simfish,300
image/simfish_345.tif,csv/simfish_345.csv,True,simfish,800
image/simfish_156.tif,csv/simfish_156.csv,True,simfish,1000
image/simfish_240.tif,csv/simfish_240.csv,True,simfish,300
image/simfish_311.tif,csv/simfish_311.csv,True,simfish,800
image/simfish_403.tif,csv/simfish_403.csv,True,simfish,1800
image/simfish_265.tif,csv/simfish_265.csv,True,simfish,1300
image/simfish_297.tif,csv/simfish_297.csv,True,simfish,1300
image/simfish_333.tif,csv/simfish_333.csv,True,simfish,800
image/simfish_148.tif,csv/simfish_148.csv,True,simfish,200
image/simfish_92.tif,csv/simfish_92.csv,True,simfish,500
image/simfish_31.tif,csv/simfish_31.csv,True,simfish,1500
image/simfish_248.tif,csv/simfish_248.csv,True,simfish,300
image/simfish_469.tif,csv/simfish_469.csv,True,simfish,2300
image/simfish_388.tif,csv/simfish_388.csv,True,simfish,600
image/simfish_499.tif,csv/simfish_499.csv,True,simfish,2300
image/simfish_176.tif,csv/simfish_176.csv,True,simfish,1000
image/simfish_309.tif,csv/simfish_309.csv,True,simfish,800
image/simfish_229.tif,csv/simfish_229.csv,True,simfish,300
image/simfish_398.tif,csv/simfish_398.csv,True,simfish,600
image/simfish_494.tif,csv/simfish_494.csv,True,simfish,2300
image/simfish_83.tif,csv/simfish_83.csv,True,simfish,500
image/simfish_85.tif,csv/simfish_85.csv,True,simfish,500
image/simfish_294.tif,csv/simfish_294.csv,True,simfish,1300
image/simfish_282.tif,csv/simfish_282.csv,True,simfish,1300
image/simfish_291.tif,csv/simfish_291.csv,True,simfish,1300
image/simfish_260.tif,csv/simfish_260.csv,True,simfish,1300
image/simfish_196.tif,csv/simfish_196.csv,True,simfish,1000
image/simfish_34.tif,csv/simfish_34.csv,True,simfish,1500
image/simfish_138.tif,csv/simfish_138.csv,True,simfish,200
image/simfish_61.tif,csv/simfish_61.csv,True,simfish,500
image/simfish_424.tif,csv/simfish_424.csv,True,simfish,1800
image/simfish_96.tif,csv/simfish_96.csv,True,simfish,500
image/simfish_292.tif,csv/simfish_292.csv,True,simfish,1300
image/simfish_13.tif,csv/simfish_13.csv,True,simfish,1500
image/simfish_89.tif,csv/simfish_89.csv,True,simfish,500
image/simfish_163.tif,csv/simfish_163.csv,True,simfish,1000
image/simfish_259.tif,csv/simfish_259.csv,True,simfish,1300
image/simfish_262.tif,csv/simfish_262.csv,True,simfish,1300
image/simfish_1.tif,csv/simfish_1.csv,True,simfish,1500
image/simfish_361.tif,csv/simfish_361.csv,True,simfish,600
image/simfish_129.tif,csv/simfish_129.csv,True,simfish,200
image/simfish_140.tif,csv/simfish_140.csv,True,simfish,200
image/simfish_310.tif,csv/simfish_310.csv,True,simfish,800
image/simfish_144.tif,csv/simfish_144.csv,True,simfish,200
image/simfish_238.tif,csv/simfish_238.csv,True,simfish,300
image/simfish_207.tif,csv/simfish_207.csv,True,simfish,300
image/simfish_200.tif,csv/simfish_200.csv,True,simfish,1000
image/simfish_484.tif,csv/simfish_484.csv,True,simfish,2300
image/simfish_160.tif,csv/simfish_160.csv,True,simfish,1000
image/simfish_334.tif,csv/simfish_334.csv,True,simfish,800
image/simfish_132.tif,csv/simfish_132.csv,True,simfish,200
image/simfish_342.tif,csv/simfish_342.csv,True,simfish,800
image/simfish_322.tif,csv/simfish_322.csv,True,simfish,800
image/simfish_170.tif,csv/simfish_170.csv,True,simfish,1000
image/simfish_237.tif,csv/simfish_237.csv,True,simfish,300
image/simfish_80.tif,csv/simfish_80.csv,True,simfish,500
image/simfish_341.tif,csv/simfish_341.csv,True,simfish,800
image/simfish_496.tif,csv/simfish_496.csv,True,simfish,2300
image/simfish_285.tif,csv/simfish_285.csv,True,simfish,1300
image/simfish_234.tif,csv/simfish_234.csv,True,simfish,300
image/simfish_112.tif,csv/simfish_112.csv,True,simfish,200
image/simfish_463.tif,csv/simfish_463.csv,True,simfish,2300
image/simfish_393.tif,csv/simfish_393.csv,True,simfish,600
image/simfish_422.tif,csv/simfish_422.csv,True,simfish,1800
image/simfish_264.tif,csv/simfish_264.csv,True,simfish,1300
image/simfish_241.tif,csv/simfish_241.csv,True,simfish,300
image/simfish_347.tif,csv/simfish_347.csv,True,simfish,800
image/simfish_172.tif,csv/simfish_172.csv,True,simfish,1000
image/simfish_71.tif,csv/simfish_71.csv,True,simfish,500
image/simfish_468.tif,csv/simfish_468.csv,True,simfish,2300
image/simfish_137.tif,csv/simfish_137.csv,True,simfish,200
image/simfish_367.tif,csv/simfish_367.csv,True,simfish,600
image/simfish_303.tif,csv/simfish_303.csv,True,simfish,800
image/simfish_219.tif,csv/simfish_219.csv,True,simfish,300
image/simfish_323.tif,csv/simfish_323.csv,True,simfish,800
image/simfish_316.tif,csv/simfish_316.csv,True,simfish,800
image/simfish_157.tif,csv/simfish_157.csv,True,simfish,1000
image/simfish_88.tif,csv/simfish_88.csv,True,simfish,500
image/simfish_249.tif,csv/simfish_249.csv,True,simfish,300
image/simfish_150.tif,csv/simfish_150.csv,True,simfish,200
image/simfish_183.tif,csv/simfish_183.csv,True,simfish,1000
image/simfish_162.tif,csv/simfish_162.csv,True,simfish,1000
image/simfish_452.tif,csv/simfish_452.csv,True,simfish,2300
image/simfish_373.tif,csv/simfish_373.csv,True,simfish,600
image/simfish_166.tif,csv/simfish_166.csv,True,simfish,1000
image/simfish_418.tif,csv/simfish_418.csv,True,simfish,1800
image/simfish_218.tif,csv/simfish_218.csv,True,simfish,300
image/simfish_116.tif,csv/simfish_116.csv,True,simfish,200
image/simfish_119.tif,csv/simfish_119.csv,True,simfish,200
image/simfish_121.tif,csv/simfish_121.csv,True,simfish,200
image/simfish_400.tif,csv/simfish_400.csv,True,simfish,600
image/simfish_37.tif,csv/simfish_37.csv,True,simfish,1500
image/simfish_330.tif,csv/simfish_330.csv,True,simfish,800
image/simfish_48.tif,csv/simfish_48.csv,True,simfish,1500
image/simfish_214.tif,csv/simfish_214.csv,True,simfish,300
image/simfish_65.tif,csv/simfish_65.csv,True,simfish,500
image/simfish_14.tif,csv/simfish_14.csv,True,simfish,1500
image/simfish_28.tif,csv/simfish_28.csv,True,simfish,1500
image/simfish_12.tif,csv/simfish_12.csv,True,simfish,1500
image/simfish_53.tif,csv/simfish_53.csv,True,simfish,500
image/simfish_167.tif,csv/simfish_167.csv,True,simfish,1000
image/simfish_43.tif,csv/simfish_43.csv,True,simfish,1500
image/simfish_476.tif,csv/simfish_476.csv,True,simfish,2300
image/simfish_445.tif,csv/simfish_445.csv,True,simfish,1800
image/simfish_486.tif,csv/simfish_486.csv,True,simfish,2300
image/simfish_429.tif,csv/simfish_429.csv,True,simfish,1800
image/simfish_197.tif,csv/simfish_197.csv,True,simfish,1000
image/simfish_343.tif,csv/simfish_343.csv,True,simfish,800
image/simfish_399.tif,csv/simfish_399.csv,True,simfish,600
image/simfish_125.tif,csv/simfish_125.csv,True,simfish,200
image/simfish_408.tif,csv/simfish_408.csv,True,simfish,1800
image/simfish_295.tif,csv/simfish_295.csv,True,simfish,1300
image/simfish_272.tif,csv/simfish_272.csv,True,simfish,1300
image/simfish_39.tif,csv/simfish_39.csv,True,simfish,1500
image/simfish_440.tif,csv/simfish_440.csv,True,simfish,1800
image/simfish_354.tif,csv/simfish_354.csv,True,simfish,600
image/simfish_425.tif,csv/simfish_425.csv,True,simfish,1800
image/simfish_5.tif,csv/simfish_5.csv,True,simfish,1500
image/simfish_220.tif,csv/simfish_220.csv,True,simfish,300
image/simfish_380.tif,csv/simfish_380.csv,True,simfish,600
image/simfish_215.tif,csv/simfish_215.csv,True,simfish,300
image/simfish_358.tif,csv/simfish_358.csv,True,simfish,600
image/simfish_55.tif,csv/simfish_55.csv,True,simfish,500
image/simfish_417.tif,csv/simfish_417.csv,True,simfish,1800
image/simfish_47.tif,csv/simfish_47.csv,True,simfish,1500
image/simfish_109.tif,csv/simfish_109.csv,True,simfish,200
image/simfish_124.tif,csv/simfish_124.csv,True,simfish,200
image/simfish_182.tif,csv/simfish_182.csv,True,simfish,1000
image/simfish_474.tif,csv/simfish_474.csv,True,simfish,2300
image/simfish_314.tif,csv/simfish_314.csv,True,simfish,800
image/simfish_126.tif,csv/simfish_126.csv,True,simfish,200
image/simfish_372.tif,csv/simfish_372.csv,True,simfish,600
image/simfish_139.tif,csv/simfish_139.csv,True,simfish,200
image/simfish_184.tif,csv/simfish_184.csv,True,simfish,1000
image/simfish_261.tif,csv/simfish_261.csv,True,simfish,1300
image/simfish_395.tif,csv/simfish_395.csv,True,simfish,600
image/simfish_454.tif,csv/simfish_454.csv,True,simfish,2300
image/simfish_439.tif,csv/simfish_439.csv,True,simfish,1800
image/simfish_338.tif,csv/simfish_338.csv,True,simfish,800
image/simfish_438.tif,csv/simfish_438.csv,True,simfish,1800
image/simfish_475.tif,csv/simfish_475.csv,True,simfish,2300
image/simfish_32.tif,csv/simfish_32.csv,True,simfish,1500
image/simfish_253.tif,csv/simfish_253.csv,True,simfish,1300
image/simfish_154.tif,csv/simfish_154.csv,True,simfish,1000
image/simfish_213.tif,csv/simfish_213.csv,True,simfish,300
image/simfish_36.tif,csv/simfish_36.csv,True,simfish,1500
image/simfish_77.tif,csv/simfish_77.csv,True,simfish,500
image/simfish_387.tif,csv/simfish_387.csv,True,simfish,600
image/simfish_421.tif,csv/simfish_421.csv,True,simfish,1800
image/simfish_18.tif,csv/simfish_18.csv,True,simfish,1500
image/simfish_136.tif,csv/simfish_136.csv,True,simfish,200
image/simfish_158.tif,csv/simfish_158.csv,True,simfish,1000
image/simfish_245.tif,csv/simfish_245.csv,True,simfish,300
image/simfish_359.tif,csv/simfish_359.csv,True,simfish,600
image/simfish_478.tif,csv/simfish_478.csv,True,simfish,2300
image/simfish_258.tif,csv/simfish_258.csv,True,simfish,1300
image/simfish_54.tif,csv/simfish_54.csv,True,simfish,500
image/simfish_44.tif,csv/simfish_44.csv,True,simfish,1500
image/simfish_457.tif,csv/simfish_457.csv,True,simfish,2300
image/simfish_266.tif,csv/simfish_266.csv,True,simfish,1300
image/simfish_111.tif,csv/simfish_111.csv,True,simfish,200
image/simfish_500.tif,csv/simfish_500.csv,True,simfish,2300
image/simfish_75.tif,csv/simfish_75.csv,True,simfish,500
image/simfish_66.tif,csv/simfish_66.csv,True,simfish,500
image/simfish_335.tif,csv/simfish_335.csv,True,simfish,800
image/simfish_63.tif,csv/simfish_63.csv,True,simfish,500
image/simfish_252.tif,csv/simfish_252.csv,True,simfish,1300
image/simfish_386.tif,csv/simfish_386.csv,True,simfish,600
image/simfish_488.tif,csv/simfish_488.csv,True,simfish,2300
image/simfish_233.tif,csv/simfish_233.csv,True,simfish,300
image/simfish_352.tif,csv/simfish_352.csv,True,simfish,600
image/simfish_275.tif,csv/simfish_275.csv,True,simfish,1300
image/simfish_98.tif,csv/simfish_98.csv,True,simfish,500
image/simfish_401.tif,csv/simfish_401.csv,True,simfish,1800
image/simfish_41.tif,csv/simfish_41.csv,True,simfish,1500
image/simfish_115.tif,csv/simfish_115.csv,True,simfish,200
image/simfish_68.tif,csv/simfish_68.csv,True,simfish,500
image/simfish_446.tif,csv/simfish_446.csv,True,simfish,1800
image/simfish_296.tif,csv/simfish_296.csv,True,simfish,1300
image/simfish_353.tif,csv/simfish_353.csv,True,simfish,600
image/simfish_377.tif,csv/simfish_377.csv,True,simfish,600
image/simfish_8.tif,csv/simfish_8.csv,True,simfish,1500
image/simfish_456.tif,csv/simfish_456.csv,True,simfish,2300
image/simfish_409.tif,csv/simfish_409.csv,True,simfish,1800
image/simfish_298.tif,csv/simfish_298.csv,True,simfish,1300
image/simfish_320.tif,csv/simfish_320.csv,True,simfish,800
image/simfish_394.tif,csv/simfish_394.csv,True,simfish,600
image/simfish_127.tif,csv/simfish_127.csv,True,simfish,200
image/simfish_210.tif,csv/simfish_210.csv,True,simfish,300
image/simfish_472.tif,csv/simfish_472.csv,True,simfish,2300
image/simfish_465.tif,csv/simfish_465.csv,True,simfish,2300
image/simfish_435.tif,csv/simfish_435.csv,True,simfish,1800
image/simfish_38.tif,csv/simfish_38.csv,True,simfish,1500
image/simfish_271.tif,csv/simfish_271.csv,True,simfish,1300
image/simfish_331.tif,csv/simfish_331.csv,True,simfish,800
image/simfish_269.tif,csv/simfish_269.csv,True,simfish,1300
image/simfish_307.tif,csv/simfish_307.csv,True,simfish,800
image/simfish_370.tif,csv/simfish_370.csv,True,simfish,600
image/simfish_40.tif,csv/simfish_40.csv,True,simfish,1500
image/simfish_280.tif,csv/simfish_280.csv,True,simfish,1300
image/simfish_17.tif,csv/simfish_17.csv,True,simfish,1500
image/simfish_177.tif,csv/simfish_177.csv,True,simfish,1000
image/simfish_84.tif,csv/simfish_84.csv,True,simfish,500
image/simfish_151.tif,csv/simfish_151.csv,True,simfish,1000
image/simfish_480.tif,csv/simfish_480.csv,True,simfish,2300
image/simfish_108.tif,csv/simfish_108.csv,True,simfish,200
image/simfish_201.tif,csv/simfish_201.csv,True,simfish,300
image/simfish_189.tif,csv/simfish_189.csv,True,simfish,1000
image/simfish_459.tif,csv/simfish_459.csv,True,simfish,2300
image/simfish_485.tif,csv/simfish_485.csv,True,simfish,2300
image/simfish_114.tif,csv/simfish_114.csv,True,simfish,200
image/simfish_447.tif,csv/simfish_447.csv,True,simfish,1800
image/simfish_223.tif,csv/simfish_223.csv,True,simfish,300
image/simfish_51.tif,csv/simfish_51.csv,True,simfish,500
image/simfish_455.tif,csv/simfish_455.csv,True,simfish,2300
image/simfish_22.tif,csv/simfish_22.csv,True,simfish,1500
image/simfish_306.tif,csv/simfish_306.csv,True,simfish,800
image/simfish_443.tif,csv/simfish_443.csv,True,simfish,1800
image/simfish_413.tif,csv/simfish_413.csv,True,simfish,1800
image/simfish_497.tif,csv/simfish_497.csv,True,simfish,2300
image/simfish_9.tif,csv/simfish_9.csv,True,simfish,1500
image/simfish_42.tif,csv/simfish_42.csv,True,simfish,1500
image/simfish_6.tif,csv/simfish_6.csv,True,simfish,1500
image/simfish_70.tif,csv/simfish_70.csv,True,simfish,500
image/simfish_192.tif,csv/simfish_192.csv,True,simfish,1000
image/simfish_490.tif,csv/simfish_490.csv,True,simfish,2300
image/simfish_415.tif,csv/simfish_415.csv,True,simfish,1800
image/simfish_410.tif,csv/simfish_410.csv,True,simfish,1800
image/simfish_225.tif,csv/simfish_225.csv,True,simfish,300
image/simfish_491.tif,csv/simfish_491.csv,True,simfish,2300
image/simfish_407.tif,csv/simfish_407.csv,True,simfish,1800
image/simfish_104.tif,csv/simfish_104.csv,True,simfish,200
image/simfish_117.tif,csv/simfish_117.csv,True,simfish,200
image/simfish_187.tif,csv/simfish_187.csv,True,simfish,1000
image/simfish_101.tif,csv/simfish_101.csv,True,simfish,200
image/simfish_91.tif,csv/simfish_91.csv,True,simfish,500
image/simfish_498.tif,csv/simfish_498.csv,True,simfish,2300
image/simfish_441.tif,csv/simfish_441.csv,True,simfish,1800
image/simfish_349.tif,csv/simfish_349.csv,True,simfish,800
image/simfish_106.tif,csv/simfish_106.csv,True,simfish,200
image/simfish_327.tif,csv/simfish_327.csv,True,simfish,800
image/simfish_267.tif,csv/simfish_267.csv,True,simfish,1300
image/simfish_152.tif,csv/simfish_152.csv,True,simfish,1000
image/simfish_227.tif,csv/simfish_227.csv,True,simfish,300
image/simfish_146.tif,csv/simfish_146.csv,True,simfish,200
image/simfish_87.tif,csv/simfish_87.csv,True,simfish,500
image/simfish_64.tif,csv/simfish_64.csv,True,simfish,500
